location,price,last4ccnum,date,time,cardtype,loyaltynum,day,lat,long,FullName
Brew've Been Served,3.0,4434.0,2014-01-07,07:52,loyalty,L2169,Tuesday,36.055821,24.90319,Minke Mies
Brew've Been Served,3.03,7819.0,2014-01-10,08:09,loyalty,L5259,Friday,36.055821,24.90319,Loreto Bodrogi
Brew've Been Served,3.09,4948.0,2014-01-08,07:42,loyalty,L9406,Wednesday,36.055821,24.90319,Isia Vann
Hallowed Grounds,3.11,3492.0,2014-01-08,07:47,loyalty,L7814,Wednesday,36.062653,24.885016,Marin Onda
Brew've Been Served,3.14,4948.0,2014-01-15,07:58,loyalty,L9406,Wednesday,36.055821,24.90319,Isia Vann
Brew've Been Served,3.21,1286.0,2014-01-14,08:03,loyalty,L3572,Tuesday,36.055821,24.90319,Inga Ferro
Hallowed Grounds,3.25,1310.0,2014-01-17,07:31,loyalty,L8012,Friday,36.062653,24.885016,Birgitta Frente
Brew've Been Served,3.42,7384.0,2014-01-08,08:01,loyalty,L3800,Wednesday,36.055821,24.90319,Sven Flecha
Coffee Shack,3.63,7117.0,2014-01-14,12:00,loyalty,L6417,Tuesday,36.073711,24.859376,Kanon Herrero
Brew've Been Served,3.66,6816.0,2014-01-14,07:53,loyalty,L8148,Tuesday,36.055821,24.90319,Hennie Osvaldo
Brew've Been Served,3.71,7384.0,2014-01-15,07:34,loyalty,L3800,Wednesday,36.055821,24.90319,Sven Flecha
Hallowed Grounds,3.9,2681.0,2014-01-08,07:50,loyalty,L1107,Wednesday,36.062653,24.885016,Nils Calixto
Bean There Done That,3.92,9635.0,2014-01-10,12:00,loyalty,L3191,Friday,36.081424,24.851061,Gustav Cazar
Jack's Magical Beans,3.96,6899.0,2014-01-08,12:00,loyalty,L6267,Wednesday,36.067639,24.874091,Isak Baza
Coffee Shack,4.09,7117.0,2014-01-13,12:00,loyalty,L6417,Monday,36.073711,24.859376,Kanon Herrero
Brew've Been Served,4.24,7384.0,2014-01-06,07:37,loyalty,L3800,Monday,36.055821,24.90319,Sven Flecha
Hallowed Grounds,4.59,1310.0,2014-01-14,07:42,loyalty,L8012,Tuesday,36.062653,24.885016,Birgitta Frente
Hallowed Grounds,4.6,2681.0,2014-01-16,08:09,loyalty,L1107,Thursday,36.062653,24.885016,Nils Calixto
Brew've Been Served,4.7,4795.0,2014-01-16,07:53,loyalty,L8566,Thursday,36.055821,24.90319,Edvard Vann
Brew've Been Served,4.72,4795.0,2014-01-14,07:31,loyalty,L8566,Tuesday,36.055821,24.90319,Edvard Vann
Coffee Cameleon,4.88,7253.0,2014-01-13,08:02,loyalty,L1682,Monday,36.055057,24.890666,Linnea Bergen
Brew've Been Served,4.92,4795.0,2014-01-15,07:57,loyalty,L8566,Wednesday,36.055821,24.90319,Edvard Vann
Coffee Shack,5.01,7117.0,2014-01-09,12:00,loyalty,L6417,Thursday,36.073711,24.859376,Kanon Herrero
Brew've Been Served,5.08,7384.0,2014-01-07,07:27,loyalty,L3800,Tuesday,36.055821,24.90319,Sven Flecha
Brew've Been Served,5.13,4795.0,2014-01-09,07:48,loyalty,L8566,Thursday,36.055821,24.90319,Edvard Vann
Brew've Been Served,5.3,7384.0,2014-01-09,07:48,loyalty,L3800,Thursday,36.055821,24.90319,Sven Flecha
Bean There Done That,5.34,9635.0,2014-01-15,12:00,loyalty,L3191,Wednesday,36.081424,24.851061,Gustav Cazar
Coffee Cameleon,5.49,7253.0,2014-01-15,07:56,loyalty,L1682,Wednesday,36.055057,24.890666,Linnea Bergen
Brewed Awakenings,5.72,7688.0,2014-01-06,12:00,loyalty,L4164,Monday,,,Ingrid Barranco
Brew've Been Served,5.89,1286.0,2014-01-10,08:01,loyalty,L3572,Friday,36.055821,24.90319,Inga Ferro
Brewed Awakenings,6.17,2540.0,2014-01-10,12:00,loyalty,L5947,Friday,,,Elsa Orilla
Brew've Been Served,6.21,4434.0,2014-01-09,08:00,loyalty,L2169,Thursday,36.055821,24.90319,Minke Mies
Brew've Been Served,6.3,4434.0,2014-01-08,08:18,loyalty,L2169,Wednesday,36.055821,24.90319,Minke Mies
Brewed Awakenings,6.53,2540.0,2014-01-16,12:00,loyalty,L5947,Thursday,,,Elsa Orilla
Brew've Been Served,6.58,7819.0,2014-01-15,07:48,loyalty,L5259,Wednesday,36.055821,24.90319,Loreto Bodrogi
Coffee Cameleon,6.59,7253.0,2014-01-08,07:51,loyalty,L1682,Wednesday,36.055057,24.890666,Linnea Bergen
Brew've Been Served,6.69,7819.0,2014-01-13,08:22,loyalty,L5259,Monday,36.055821,24.90319,Loreto Bodrogi
Coffee Cameleon,6.81,7253.0,2014-01-17,07:51,loyalty,L1682,Friday,36.055057,24.890666,Linnea Bergen
Brew've Been Served,7.26,1286.0,2014-01-08,08:16,loyalty,L3572,Wednesday,36.055821,24.90319,Inga Ferro
Brew've Been Served,7.31,7384.0,2014-01-16,07:50,loyalty,L3800,Thursday,36.055821,24.90319,Sven Flecha
Jack's Magical Beans,7.57,6899.0,2014-01-17,12:00,loyalty,L6267,Friday,36.067639,24.874091,Isak Baza
Hallowed Grounds,7.88,1310.0,2014-01-07,07:47,loyalty,L8012,Tuesday,36.062653,24.885016,Birgitta Frente
Brew've Been Served,8.04,7384.0,2014-01-13,07:38,loyalty,L3800,Monday,36.055821,24.90319,Sven Flecha
Hallowed Grounds,8.05,9551.0,2014-01-06,07:55,loyalty,L5777,Monday,36.062653,24.885016,Adra Nubarron
Brew've Been Served,8.07,4948.0,2014-01-17,07:50,loyalty,L9406,Friday,36.055821,24.90319,Isia Vann
Katerinas Café,8.14,7889.0,2014-01-18,19:30,loyalty,L6119,Saturday,,,Lucas Alcazar
Brewed Awakenings,8.16,7688.0,2014-01-17,12:00,loyalty,L4164,Friday,,,Ingrid Barranco
Bean There Done That,8.21,9635.0,2014-01-17,12:00,loyalty,L3191,Friday,36.081424,24.851061,Gustav Cazar
Brew've Been Served,8.24,7384.0,2014-01-14,07:53,loyalty,L3800,Tuesday,36.055821,24.90319,Sven Flecha
Brew've Been Served,8.27,6816.0,2014-01-08,07:48,loyalty,L8148,Wednesday,36.055821,24.90319,Hennie Osvaldo
Brewed Awakenings,8.3,2540.0,2014-01-14,12:00,loyalty,L5947,Tuesday,,,Elsa Orilla
Guy's Gyros,8.31,7819.0,2014-01-17,20:21,loyalty,L5259,Friday,36.058886,24.89898,Loreto Bodrogi
Ouzeri Elian,8.32,1310.0,2014-01-13,13:48,loyalty,L8012,Monday,36.052814,24.872723,Birgitta Frente
Brew've Been Served,8.33,6816.0,2014-01-06,07:35,loyalty,L8148,Monday,36.055821,24.90319,Hennie Osvaldo
Abila Zacharo,8.41,6816.0,2014-01-14,13:38,loyalty,L8148,Tuesday,,,Hennie Osvaldo
Hippokampos,8.43,9635.0,2014-01-09,13:41,loyalty,L3191,Thursday,,,Gustav Cazar
Ouzeri Elian,8.47,7117.0,2014-01-16,14:01,loyalty,L6417,Thursday,36.052814,24.872723,Kanon Herrero
Coffee Cameleon,8.51,7253.0,2014-01-10,07:40,loyalty,L1682,Friday,36.055057,24.890666,Linnea Bergen
Katerinas Café,8.53,6899.0,2014-01-08,13:28,loyalty,L6267,Wednesday,,,Isak Baza
Hippokampos,8.54,7889.0,2014-01-12,13:54,loyalty,L6119,Sunday,,,Lucas Alcazar
Katerinas Café,8.57,1310.0,2014-01-09,21:18,loyalty,L8012,Thursday,,,Birgitta Frente
Ouzeri Elian,8.57,2681.0,2014-01-15,21:05,loyalty,L1107,Wednesday,36.052814,24.872723,Nils Calixto
Abila Zacharo,8.6,6899.0,2014-01-09,13:23,loyalty,L6886,Thursday,,,Isak Baza
Gelatogalore,8.6,6899.0,2014-01-09,13:23,loyalty,L6267,Thursday,36.059816,24.862001,Isak Baza
Guy's Gyros,8.64,7688.0,2014-01-17,13:18,loyalty,L4164,Friday,36.058886,24.89898,Ingrid Barranco
Kalami Kafenion,8.86,7384.0,2014-01-16,13:49,loyalty,L3800,Thursday,,,Sven Flecha
Brew've Been Served,8.88,7819.0,2014-01-06,07:59,loyalty,L5259,Monday,36.055821,24.90319,Loreto Bodrogi
Hippokampos,8.92,2540.0,2014-01-17,20:03,loyalty,L5947,Friday,,,Elsa Orilla
Ouzeri Elian,8.93,7253.0,2014-01-15,13:10,loyalty,L1682,Wednesday,36.052814,24.872723,Linnea Bergen
Hippokampos,9.03,4795.0,2014-01-08,13:15,loyalty,L8566,Wednesday,,,Edvard Vann
Jack's Magical Beans,9.12,6899.0,2014-01-16,12:00,loyalty,L6267,Thursday,36.067639,24.874091,Isak Baza
Coffee Cameleon,9.16,6816.0,2014-01-17,07:52,loyalty,L8148,Friday,36.055057,24.890666,Hennie Osvaldo
Hallowed Grounds,9.16,7889.0,2014-01-13,07:32,loyalty,L6119,Monday,36.062653,24.885016,Lucas Alcazar
Hallowed Grounds,9.4,9551.0,2014-01-17,08:04,loyalty,L5777,Friday,36.062653,24.885016,Adra Nubarron
Brew've Been Served,9.53,4948.0,2014-01-13,07:56,loyalty,L9406,Monday,36.055821,24.90319,Isia Vann
Brew've Been Served,9.6,4948.0,2014-01-06,07:43,loyalty,L9406,Monday,36.055821,24.90319,Isia Vann
Hallowed Grounds,9.61,3492.0,2014-01-07,07:50,loyalty,L7814,Tuesday,36.062653,24.885016,Marin Onda
Ouzeri Elian,9.91,9551.0,2014-01-16,20:28,loyalty,L5777,Thursday,36.052814,24.872723,Adra Nubarron
Guy's Gyros,10.11,9635.0,2014-01-07,13:46,loyalty,L3191,Tuesday,36.058886,24.89898,Gustav Cazar
Jack's Magical Beans,10.11,6899.0,2014-01-09,12:00,loyalty,L6267,Thursday,36.067639,24.874091,Isak Baza
Hippokampos,10.12,9635.0,2014-01-09,21:38,loyalty,L3191,Thursday,,,Gustav Cazar
Abila Zacharo,10.24,1310.0,2014-01-14,13:37,loyalty,L8012,Tuesday,,,Birgitta Frente
Guy's Gyros,10.27,9551.0,2014-01-16,13:28,loyalty,L5777,Thursday,36.058886,24.89898,Adra Nubarron
Hallowed Grounds,10.34,7889.0,2014-01-10,07:49,loyalty,L6119,Friday,36.062653,24.885016,Lucas Alcazar
Guy's Gyros,10.34,4434.0,2014-01-08,13:57,loyalty,L2169,Wednesday,36.058886,24.89898,Minke Mies
Hippokampos,10.38,2540.0,2014-01-16,13:30,loyalty,L5947,Thursday,,,Elsa Orilla
Coffee Shack,10.48,7117.0,2014-01-16,12:00,loyalty,L6417,Thursday,36.073711,24.859376,Kanon Herrero
Gelatogalore,10.62,4434.0,2014-01-16,17:07,loyalty,L2169,Thursday,36.059816,24.862001,Minke Mies
Hallowed Grounds,10.65,2681.0,2014-01-14,08:12,loyalty,L1107,Tuesday,36.062653,24.885016,Nils Calixto
Hallowed Grounds,10.66,3492.0,2014-01-06,07:48,loyalty,L7814,Monday,36.062653,24.885016,Marin Onda
Hallowed Grounds,10.75,7889.0,2014-01-14,07:35,loyalty,L6119,Tuesday,36.062653,24.885016,Lucas Alcazar
Hallowed Grounds,10.76,7108.0,2014-01-10,07:50,loyalty,L6544,Friday,36.062653,24.885016,Brand Tempestad
Katerinas Café,10.9,4434.0,2014-01-07,14:07,loyalty,L2169,Tuesday,,,Minke Mies
Katerinas Café,10.93,7889.0,2014-01-16,19:39,loyalty,L6119,Thursday,,,Lucas Alcazar
Jack's Magical Beans,11.03,6899.0,2014-01-06,12:00,loyalty,L6267,Monday,36.067639,24.874091,Isak Baza
Guy's Gyros,11.22,1310.0,2014-01-06,13:39,loyalty,L8012,Monday,36.058886,24.89898,Birgitta Frente
Brew've Been Served,11.23,1286.0,2014-01-15,07:49,loyalty,L3572,Wednesday,36.055821,24.90319,Inga Ferro
Guy's Gyros,11.31,7108.0,2014-01-16,20:35,loyalty,L6544,Thursday,36.058886,24.89898,Brand Tempestad
Guy's Gyros,11.31,6816.0,2014-01-07,13:33,loyalty,L8148,Tuesday,36.058886,24.89898,Hennie Osvaldo
Brew've Been Served,11.34,4795.0,2014-01-06,07:28,loyalty,L8566,Monday,36.055821,24.90319,Edvard Vann
Brew've Been Served,11.49,1286.0,2014-01-13,08:07,loyalty,L3572,Monday,36.055821,24.90319,Inga Ferro
Hallowed Grounds,11.49,1310.0,2014-01-10,07:41,loyalty,L8012,Friday,36.062653,24.885016,Birgitta Frente
Brewed Awakenings,11.73,7688.0,2014-01-08,12:00,loyalty,L4164,Wednesday,,,Ingrid Barranco
Katerinas Café,11.81,7253.0,2014-01-12,19:21,loyalty,L1682,Sunday,,,Linnea Bergen
Kalami Kafenion,11.83,3492.0,2014-01-16,13:48,loyalty,L7814,Thursday,,,Marin Onda
Ouzeri Elian,11.86,6899.0,2014-01-14,20:32,loyalty,L6267,Tuesday,36.052814,24.872723,Isak Baza
Katerinas Café,11.89,3492.0,2014-01-14,20:34,loyalty,L7814,Tuesday,,,Marin Onda
Brew've Been Served,11.91,4948.0,2014-01-07,08:00,loyalty,L9406,Tuesday,36.055821,24.90319,Isia Vann
Brew've Been Served,11.92,1286.0,2014-01-07,07:54,loyalty,L3572,Tuesday,36.055821,24.90319,Inga Ferro
Hippokampos,11.93,7688.0,2014-01-17,20:54,loyalty,L4164,Friday,,,Ingrid Barranco
Brew've Been Served,11.94,7819.0,2014-01-14,07:58,loyalty,L5259,Tuesday,36.055821,24.90319,Loreto Bodrogi
Abila Zacharo,11.99,9635.0,2014-01-13,13:42,loyalty,L3191,Monday,,,Gustav Cazar
Bean There Done That,12.07,9635.0,2014-01-08,12:00,loyalty,L3191,Wednesday,36.081424,24.851061,Gustav Cazar
Katerinas Café,12.12,1310.0,2014-01-15,14:00,loyalty,L8012,Wednesday,,,Birgitta Frente
Hallowed Grounds,12.17,7108.0,2014-01-15,07:44,loyalty,L6544,Wednesday,36.062653,24.885016,Brand Tempestad
Hallowed Grounds,12.19,9551.0,2014-01-16,08:05,loyalty,L5777,Thursday,36.062653,24.885016,Adra Nubarron
Brewed Awakenings,12.32,2540.0,2014-01-08,12:00,loyalty,L5947,Wednesday,,,Elsa Orilla
Katerinas Café,12.55,7889.0,2014-01-11,19:50,loyalty,L6119,Saturday,,,Lucas Alcazar
Brew've Been Served,12.64,4434.0,2014-01-10,08:17,loyalty,L2169,Friday,36.055821,24.90319,Minke Mies
Katerinas Café,12.64,7889.0,2014-01-12,19:18,loyalty,L6119,Sunday,,,Lucas Alcazar
Brew've Been Served,12.67,1286.0,2014-01-16,07:52,loyalty,L3572,Thursday,36.055821,24.90319,Inga Ferro
Brewed Awakenings,12.69,7688.0,2014-01-13,12:00,loyalty,L4164,Monday,,,Ingrid Barranco
Gelatogalore,12.74,7253.0,2014-01-06,13:19,loyalty,L1682,Monday,36.059816,24.862001,Linnea Bergen
Brew've Been Served,12.83,6816.0,2014-01-16,07:55,loyalty,L8148,Thursday,36.055821,24.90319,Hennie Osvaldo
Hippokampos,12.86,9635.0,2014-01-17,21:58,loyalty,L3191,Friday,,,Gustav Cazar
Guy's Gyros,12.96,7384.0,2014-01-14,20:19,loyalty,L3800,Tuesday,36.058886,24.89898,Sven Flecha
Hippokampos,13.0,6899.0,2014-01-15,13:24,loyalty,L6267,Wednesday,,,Isak Baza
Hallowed Grounds,13.0,7108.0,2014-01-14,07:45,loyalty,L6544,Tuesday,36.062653,24.885016,Brand Tempestad
Kalami Kafenion,13.08,7117.0,2014-01-06,14:00,loyalty,L6417,Monday,,,Kanon Herrero
Coffee Shack,13.13,7117.0,2014-01-08,12:00,loyalty,L6417,Wednesday,36.073711,24.859376,Kanon Herrero
Brewed Awakenings,13.16,2540.0,2014-01-09,12:00,loyalty,L5947,Thursday,,,Elsa Orilla
Hippokampos,13.26,4795.0,2014-01-06,13:23,loyalty,L8566,Monday,,,Edvard Vann
Guy's Gyros,13.48,6816.0,2014-01-16,13:44,loyalty,L8148,Thursday,36.058886,24.89898,Hennie Osvaldo
Guy's Gyros,13.59,7889.0,2014-01-09,13:28,loyalty,L6119,Thursday,36.058886,24.89898,Lucas Alcazar
Hallowed Grounds,13.68,3492.0,2014-01-13,07:43,loyalty,L7814,Monday,36.062653,24.885016,Marin Onda
Katerinas Café,13.77,7253.0,2014-01-15,21:05,loyalty,L1682,Wednesday,,,Linnea Bergen
Brewed Awakenings,13.82,7688.0,2014-01-10,12:00,loyalty,L4164,Friday,,,Ingrid Barranco
Hallowed Grounds,13.84,7889.0,2014-01-16,07:44,loyalty,L6119,Thursday,36.062653,24.885016,Lucas Alcazar
Hippokampos,13.84,1310.0,2014-01-09,13:51,loyalty,L8012,Thursday,,,Birgitta Frente
Brew've Been Served,14.04,4948.0,2014-01-14,07:45,loyalty,L9406,Tuesday,36.055821,24.90319,Isia Vann
Hallowed Grounds,14.05,7889.0,2014-01-07,07:35,loyalty,L6119,Tuesday,36.062653,24.885016,Lucas Alcazar
Hallowed Grounds,14.33,3492.0,2014-01-15,07:59,loyalty,L7814,Wednesday,36.062653,24.885016,Marin Onda
Abila Zacharo,14.37,7819.0,2014-01-09,14:15,loyalty,L5259,Thursday,,,Loreto Bodrogi
Hallowed Grounds,14.39,2681.0,2014-01-15,08:13,loyalty,L1107,Wednesday,36.062653,24.885016,Nils Calixto
Coffee Cameleon,14.57,4795.0,2014-01-17,13:27,loyalty,L9637,Friday,36.055057,24.890666,Edvard Vann
Hippokampos,14.57,4795.0,2014-01-17,13:27,loyalty,L8566,Friday,,,Edvard Vann
Kalami Kafenion,14.59,3492.0,2014-01-12,13:55,loyalty,L7814,Sunday,,,Marin Onda
Kalami Kafenion,14.77,6816.0,2014-01-08,13:52,loyalty,L8148,Wednesday,,,Hennie Osvaldo
Guy's Gyros,14.87,7819.0,2014-01-07,19:45,loyalty,L5259,Tuesday,36.058886,24.89898,Loreto Bodrogi
Ouzeri Elian,14.9,2681.0,2014-01-18,19:46,loyalty,L1107,Saturday,36.052814,24.872723,Nils Calixto
Brew've Been Served,14.97,1286.0,2014-01-06,08:16,loyalty,L3572,Monday,36.055821,24.90319,Inga Ferro
Hippokampos,15.02,2540.0,2014-01-09,20:05,loyalty,L5947,Thursday,,,Elsa Orilla
Hallowed Grounds,15.33,2681.0,2014-01-09,08:15,loyalty,L1107,Thursday,36.062653,24.885016,Nils Calixto
Brew've Been Served,15.46,7819.0,2014-01-17,08:22,loyalty,L5259,Friday,36.055821,24.90319,Loreto Bodrogi
Brew've Been Served,15.5,6816.0,2014-01-15,07:36,loyalty,L8148,Wednesday,36.055821,24.90319,Hennie Osvaldo
Brew've Been Served,15.58,4434.0,2014-01-06,08:06,loyalty,L2169,Monday,36.055821,24.90319,Minke Mies
Coffee Cameleon,15.63,7253.0,2014-01-14,07:53,loyalty,L1682,Tuesday,36.055057,24.890666,Linnea Bergen
Jack's Magical Beans,15.69,6899.0,2014-01-10,12:00,loyalty,L6267,Friday,36.067639,24.874091,Isak Baza
Hippokampos,15.77,6816.0,2014-01-17,13:31,loyalty,L8148,Friday,,,Hennie Osvaldo
Guy's Gyros,15.84,7819.0,2014-01-13,20:18,loyalty,L5259,Monday,36.058886,24.89898,Loreto Bodrogi
Brew've Been Served,15.85,6816.0,2014-01-10,07:35,loyalty,L8148,Friday,36.055821,24.90319,Hennie Osvaldo
Guy's Gyros,15.93,7253.0,2014-01-10,13:27,loyalty,L1682,Friday,36.058886,24.89898,Linnea Bergen
Brew've Been Served,16.05,4434.0,2014-01-13,08:04,loyalty,L2169,Monday,36.055821,24.90319,Minke Mies
Bean There Done That,16.09,9635.0,2014-01-06,12:00,loyalty,L3191,Monday,36.081424,24.851061,Gustav Cazar
Abila Zacharo,16.12,3492.0,2014-01-10,14:01,loyalty,L7814,Friday,,,Marin Onda
Hippokampos,16.53,7253.0,2014-01-16,13:30,loyalty,L1682,Thursday,,,Linnea Bergen
Hippokampos,16.54,2540.0,2014-01-08,19:28,loyalty,L5947,Wednesday,,,Elsa Orilla
Hippokampos,16.59,7253.0,2014-01-08,13:26,loyalty,L1682,Wednesday,,,Linnea Bergen
Abila Zacharo,16.59,9551.0,2014-01-18,13:32,loyalty,L5777,Saturday,,,Adra Nubarron
Coffee Shack,16.63,7117.0,2014-01-07,12:00,loyalty,L6417,Tuesday,36.073711,24.859376,Kanon Herrero
Shoppers' Delight,16.84,1286.0,2014-01-16,20:50,loyalty,L3572,Thursday,,,Inga Ferro
Brewed Awakenings,16.89,2540.0,2014-01-06,12:00,loyalty,L5947,Monday,,,Elsa Orilla
Brew've Been Served,16.9,7819.0,2014-01-16,08:19,loyalty,L5259,Thursday,36.055821,24.90319,Loreto Bodrogi
Guy's Gyros,16.92,7384.0,2014-01-06,13:30,loyalty,L3800,Monday,36.058886,24.89898,Sven Flecha
Katerinas Café,17.02,7253.0,2014-01-09,13:03,loyalty,L1682,Thursday,,,Linnea Bergen
Brew've Been Served,17.13,7819.0,2014-01-08,08:01,loyalty,L5259,Wednesday,36.055821,24.90319,Loreto Bodrogi
Brewed Awakenings,17.14,7688.0,2014-01-14,12:00,loyalty,L4164,Tuesday,,,Ingrid Barranco
Hippokampos,17.17,4434.0,2014-01-13,12:27,loyalty,L2169,Monday,,,Minke Mies
Hippokampos,17.27,7688.0,2014-01-06,20:52,loyalty,L4164,Monday,,,Ingrid Barranco
Kalami Kafenion,17.38,9635.0,2014-01-14,13:24,loyalty,L3191,Tuesday,,,Gustav Cazar
Abila Zacharo,17.41,7819.0,2014-01-13,13:51,loyalty,L5259,Monday,,,Loreto Bodrogi
Brew've Been Served,17.44,4434.0,2014-01-16,08:09,loyalty,L2169,Thursday,36.055821,24.90319,Minke Mies
Hallowed Grounds,17.56,1310.0,2014-01-09,07:37,loyalty,L8012,Thursday,36.062653,24.885016,Birgitta Frente
Hallowed Grounds,17.63,2681.0,2014-01-10,07:46,loyalty,L1107,Friday,36.062653,24.885016,Nils Calixto
Brew've Been Served,17.64,1286.0,2014-01-09,08:14,loyalty,L3572,Thursday,36.055821,24.90319,Inga Ferro
Hallowed Grounds,17.74,3492.0,2014-01-16,07:44,loyalty,L7814,Thursday,36.062653,24.885016,Marin Onda
Kalami Kafenion,18.06,4795.0,2014-01-07,13:33,loyalty,L8566,Tuesday,,,Edvard Vann
Gelatogalore,18.1,2681.0,2014-01-17,13:47,loyalty,L1107,Friday,36.059816,24.862001,Nils Calixto
Kalami Kafenion,18.14,7384.0,2014-01-09,13:38,loyalty,L3800,Thursday,,,Sven Flecha
Hallowed Grounds,18.2,7108.0,2014-01-16,07:44,loyalty,L6544,Thursday,36.062653,24.885016,Brand Tempestad
Guy's Gyros,18.26,1286.0,2014-01-09,20:24,loyalty,L3572,Thursday,36.058886,24.89898,Inga Ferro
Jack's Magical Beans,18.31,6899.0,2014-01-13,12:00,loyalty,L6267,Monday,36.067639,24.874091,Isak Baza
Katerinas Café,18.35,1310.0,2014-01-07,21:19,loyalty,L8012,Tuesday,,,Birgitta Frente
Abila Zacharo,18.45,7253.0,2014-01-18,13:25,loyalty,L1682,Saturday,,,Linnea Bergen
Katerinas Café,18.56,6899.0,2014-01-06,13:46,loyalty,L6267,Monday,,,Isak Baza
Brew've Been Served,18.71,4795.0,2014-01-13,07:43,loyalty,L8566,Monday,36.055821,24.90319,Edvard Vann
Frydos Autosupply n' More,18.91,2540.0,2014-01-15,19:52,loyalty,L5947,Wednesday,36.058722,24.90631,Elsa Orilla
Hallowed Grounds,18.97,7108.0,2014-01-07,07:48,loyalty,L6544,Tuesday,36.062653,24.885016,Brand Tempestad
Katerinas Café,19.02,3492.0,2014-01-09,20:08,loyalty,L7814,Thursday,,,Marin Onda
Katerinas Café,19.09,7253.0,2014-01-17,20:20,loyalty,L1682,Friday,,,Linnea Bergen
Coffee Shack,19.16,7117.0,2014-01-17,12:00,loyalty,L6417,Friday,36.073711,24.859376,Kanon Herrero
Hallowed Grounds,19.18,7108.0,2014-01-13,07:54,loyalty,L6544,Monday,36.062653,24.885016,Brand Tempestad
Hippokampos,19.22,7889.0,2014-01-09,07:51,loyalty,L2247,Thursday,,,Lucas Alcazar
Bean There Done That,19.37,9635.0,2014-01-14,12:00,loyalty,L3191,Tuesday,36.081424,24.851061,Gustav Cazar
Brew've Been Served,19.39,4795.0,2014-01-17,07:59,loyalty,L8566,Friday,36.055821,24.90319,Edvard Vann
Katerinas Café,19.49,7253.0,2014-01-07,20:09,loyalty,L1682,Tuesday,,,Linnea Bergen
Guy's Gyros,19.68,6816.0,2014-01-17,19:29,loyalty,L8148,Friday,36.058886,24.89898,Hennie Osvaldo
Ouzeri Elian,19.7,7117.0,2014-01-14,14:01,loyalty,L6417,Tuesday,36.052814,24.872723,Kanon Herrero
Hippokampos,19.76,7117.0,2014-01-17,19:40,loyalty,L6417,Friday,,,Kanon Herrero
Ouzeri Elian,19.82,9220.0,2014-01-13,12:55,loyalty,L4063,Monday,36.052814,24.872723,Orhan Strum
Kalami Kafenion,19.84,4948.0,2014-01-09,13:56,loyalty,L9406,Thursday,,,Isia Vann
Hippokampos,19.88,7117.0,2014-01-10,19:56,loyalty,L6417,Friday,,,Kanon Herrero
Ouzeri Elian,19.92,6899.0,2014-01-10,18:52,loyalty,L6267,Friday,36.052814,24.872723,Isak Baza
Guy's Gyros,20.47,4795.0,2014-01-13,20:11,loyalty,L8566,Monday,36.058886,24.89898,Edvard Vann
Ouzeri Elian,20.53,2681.0,2014-01-07,20:49,loyalty,L1107,Tuesday,36.052814,24.872723,Nils Calixto
Ouzeri Elian,20.56,6816.0,2014-01-06,13:37,loyalty,L8148,Monday,36.052814,24.872723,Hennie Osvaldo
Hippokampos,20.84,7688.0,2014-01-16,21:13,loyalty,L4164,Thursday,,,Ingrid Barranco
Guy's Gyros,21.1,7117.0,2014-01-17,14:05,loyalty,L6417,Friday,36.058886,24.89898,Kanon Herrero
Hippokampos,21.2,2540.0,2014-01-07,21:03,loyalty,L5947,Tuesday,,,Elsa Orilla
Katerinas Café,21.22,1310.0,2014-01-17,20:07,loyalty,L8012,Friday,,,Birgitta Frente
Abila Zacharo,21.29,4795.0,2014-01-18,19:36,loyalty,L8566,Saturday,,,Edvard Vann
Gelatogalore,21.52,9551.0,2014-01-07,13:37,loyalty,L5777,Tuesday,36.059816,24.862001,Adra Nubarron
Gelatogalore,21.62,3492.0,2014-01-17,13:57,loyalty,L7814,Friday,36.059816,24.862001,Marin Onda
Ouzeri Elian,21.83,2681.0,2014-01-13,20:43,loyalty,L1107,Monday,36.052814,24.872723,Nils Calixto
Hippokampos,22.13,2540.0,2014-01-14,21:31,loyalty,L5947,Tuesday,,,Elsa Orilla
Kalami Kafenion,22.14,7108.0,2014-01-07,13:46,loyalty,L6544,Tuesday,,,Brand Tempestad
Guy's Gyros,22.18,3492.0,2014-01-17,19:24,loyalty,L2490,Friday,36.058886,24.89898,Marin Onda
Katerinas Café,22.18,3492.0,2014-01-17,19:24,loyalty,L7814,Friday,,,Marin Onda
Katerinas Café,22.27,7889.0,2014-01-07,13:33,loyalty,L6119,Tuesday,,,Lucas Alcazar
Kalami Kafenion,22.31,4434.0,2014-01-06,13:52,loyalty,L2169,Monday,,,Minke Mies
Ouzeri Elian,22.4,6816.0,2014-01-09,13:23,loyalty,L8148,Thursday,36.052814,24.872723,Hennie Osvaldo
Gelatogalore,22.64,7889.0,2014-01-06,13:41,loyalty,L6119,Monday,36.059816,24.862001,Lucas Alcazar
Ouzeri Elian,22.65,2681.0,2014-01-16,20:25,loyalty,L1107,Thursday,36.052814,24.872723,Nils Calixto
Ouzeri Elian,22.86,7108.0,2014-01-15,13:42,loyalty,L6544,Wednesday,36.052814,24.872723,Brand Tempestad
Kalami Kafenion,23.1,3492.0,2014-01-14,13:42,loyalty,L7814,Tuesday,,,Marin Onda
Ouzeri Elian,23.18,6899.0,2014-01-15,20:29,loyalty,L6267,Wednesday,36.052814,24.872723,Isak Baza
Guy's Gyros,23.21,1286.0,2014-01-19,19:45,loyalty,L3288,Sunday,36.058886,24.89898,Inga Ferro
Gelatogalore,23.23,9635.0,2014-01-17,13:33,loyalty,L3191,Friday,36.059816,24.862001,Gustav Cazar
Gelatogalore,23.41,7819.0,2014-01-06,14:00,loyalty,L5259,Monday,36.059816,24.862001,Loreto Bodrogi
Gelatogalore,23.45,4795.0,2014-01-09,13:21,loyalty,L8566,Thursday,36.059816,24.862001,Edvard Vann
Abila Zacharo,23.51,7688.0,2014-01-15,13:26,loyalty,L4164,Wednesday,,,Ingrid Barranco
Guy's Gyros,23.59,4795.0,2014-01-14,20:01,loyalty,L8566,Tuesday,36.058886,24.89898,Edvard Vann
Guy's Gyros,23.61,6816.0,2014-01-10,19:45,loyalty,L8148,Friday,36.058886,24.89898,Hennie Osvaldo
Katerinas Café,23.63,7253.0,2014-01-06,20:07,loyalty,L1682,Monday,,,Linnea Bergen
Kalami Kafenion,23.82,3492.0,2014-01-08,13:45,loyalty,L7814,Wednesday,,,Marin Onda
Kalami Kafenion,23.86,7819.0,2014-01-11,19:17,loyalty,L5259,Saturday,,,Loreto Bodrogi
Ouzeri Elian,23.89,6899.0,2014-01-16,20:25,loyalty,L6267,Thursday,36.052814,24.872723,Isak Baza
Katerinas Café,24.26,3492.0,2014-01-13,13:48,loyalty,L7814,Monday,,,Marin Onda
Kalami Kafenion,24.3,4434.0,2014-01-10,13:53,loyalty,L2169,Friday,,,Minke Mies
Abila Zacharo,24.38,4948.0,2014-01-16,13:48,loyalty,L9406,Thursday,,,Isia Vann
Hippokampos,24.41,7117.0,2014-01-06,20:46,loyalty,L6417,Monday,,,Kanon Herrero
Abila Zacharo,24.53,3492.0,2014-01-15,14:02,loyalty,L7814,Wednesday,,,Marin Onda
Gelatogalore,24.68,2681.0,2014-01-09,13:45,loyalty,L1107,Thursday,36.059816,24.862001,Nils Calixto
Ouzeri Elian,24.72,7819.0,2014-01-12,13:28,loyalty,L5259,Sunday,36.052814,24.872723,Loreto Bodrogi
Abila Zacharo,24.87,4434.0,2014-01-14,14:03,loyalty,L2169,Tuesday,,,Minke Mies
Gelatogalore,24.96,7117.0,2014-01-15,13:46,loyalty,L6417,Wednesday,36.059816,24.862001,Kanon Herrero
Guy's Gyros,25.28,7819.0,2014-01-14,20:29,loyalty,L5259,Tuesday,36.058886,24.89898,Loreto Bodrogi
Guy's Gyros,25.57,7384.0,2014-01-16,19:04,loyalty,L3800,Thursday,36.058886,24.89898,Sven Flecha
Katerinas Café,25.76,4948.0,2014-01-11,20:00,loyalty,L9406,Saturday,,,Isia Vann
Ouzeri Elian,26.09,7688.0,2014-01-09,13:21,loyalty,L4164,Thursday,36.052814,24.872723,Ingrid Barranco
Katerinas Café,26.1,3492.0,2014-01-06,20:59,loyalty,L7814,Monday,,,Marin Onda
Katerinas Café,26.15,6899.0,2014-01-13,13:34,loyalty,L6267,Monday,,,Isak Baza
Hippokampos,26.31,7688.0,2014-01-08,20:53,loyalty,L4164,Wednesday,,,Ingrid Barranco
Ouzeri Elian,26.4,2681.0,2014-01-17,20:35,loyalty,L1107,Friday,36.052814,24.872723,Nils Calixto
Katerinas Café,26.51,4948.0,2014-01-06,21:12,loyalty,L9406,Monday,,,Isia Vann
Guy's Gyros,26.68,7384.0,2014-01-10,13:38,loyalty,L3800,Friday,36.058886,24.89898,Sven Flecha
Katerinas Café,26.76,4434.0,2014-01-19,13:53,loyalty,L2169,Sunday,,,Minke Mies
Guy's Gyros,26.76,6816.0,2014-01-10,13:25,loyalty,L8148,Friday,36.058886,24.89898,Hennie Osvaldo
Hippokampos,26.96,4948.0,2014-01-13,14:21,loyalty,L9406,Monday,,,Isia Vann
Guy's Gyros,27.01,1286.0,2014-01-15,21:05,loyalty,L3572,Wednesday,36.058886,24.89898,Inga Ferro
Gelatogalore,27.26,7384.0,2014-01-14,13:32,loyalty,L3800,Tuesday,36.059816,24.862001,Sven Flecha
Guy's Gyros,27.49,2540.0,2014-01-13,13:33,loyalty,L5947,Monday,36.058886,24.89898,Elsa Orilla
Kalami Kafenion,27.65,4948.0,2014-01-14,13:50,loyalty,L9406,Tuesday,,,Isia Vann
Kalami Kafenion,27.73,7108.0,2014-01-17,13:58,loyalty,L6544,Friday,,,Brand Tempestad
Guy's Gyros,27.78,4795.0,2014-01-10,19:54,loyalty,L8566,Friday,36.058886,24.89898,Edvard Vann
Katerinas Café,27.82,7688.0,2014-01-16,13:19,loyalty,L4164,Thursday,,,Ingrid Barranco
Abila Zacharo,28.25,2681.0,2014-01-08,13:46,loyalty,L1107,Wednesday,,,Nils Calixto
Ouzeri Elian,28.37,4948.0,2014-01-07,13:32,loyalty,L9406,Tuesday,36.052814,24.872723,Isia Vann
Ouzeri Elian,28.75,9551.0,2014-01-13,19:30,loyalty,L5777,Monday,36.052814,24.872723,Adra Nubarron
Hippokampos,28.79,9635.0,2014-01-08,13:48,loyalty,L3191,Wednesday,,,Gustav Cazar
Guy's Gyros,28.81,7384.0,2014-01-08,20:07,loyalty,L3800,Wednesday,36.058886,24.89898,Sven Flecha
Guy's Gyros,28.94,7819.0,2014-01-06,20:24,loyalty,L5259,Monday,36.058886,24.89898,Loreto Bodrogi
Katerinas Café,29.1,4795.0,2014-01-14,13:34,loyalty,L8566,Tuesday,,,Edvard Vann
Hippokampos,29.2,7117.0,2014-01-12,13:35,loyalty,L6417,Sunday,,,Kanon Herrero
Guy's Gyros,29.7,7819.0,2014-01-16,13:42,loyalty,L5259,Thursday,36.058886,24.89898,Loreto Bodrogi
Ouzeri Elian,29.85,6899.0,2014-01-08,21:17,loyalty,L6267,Wednesday,36.052814,24.872723,Isak Baza
Guy's Gyros,29.96,6816.0,2014-01-09,19:52,loyalty,L8148,Thursday,36.058886,24.89898,Hennie Osvaldo
Abila Zacharo,30.08,7688.0,2014-01-06,13:27,loyalty,L4164,Monday,,,Ingrid Barranco
Guy's Gyros,30.12,7384.0,2014-01-08,13:32,loyalty,L3800,Wednesday,36.058886,24.89898,Sven Flecha
Guy's Gyros,30.48,4434.0,2014-01-08,19:48,loyalty,L2169,Wednesday,36.058886,24.89898,Minke Mies
Hippokampos,30.51,9551.0,2014-01-13,13:28,loyalty,L5777,Monday,,,Adra Nubarron
Guy's Gyros,30.76,6816.0,2014-01-16,20:17,loyalty,L8148,Thursday,36.058886,24.89898,Hennie Osvaldo
Guy's Gyros,30.82,9635.0,2014-01-06,13:46,loyalty,L3191,Monday,36.058886,24.89898,Gustav Cazar
Hippokampos,30.88,4948.0,2014-01-06,14:04,loyalty,L9406,Monday,,,Isia Vann
Abila Zacharo,31.0,7889.0,2014-01-15,13:22,loyalty,L6119,Wednesday,,,Lucas Alcazar
Guy's Gyros,31.04,4434.0,2014-01-15,19:55,loyalty,L2169,Wednesday,36.058886,24.89898,Minke Mies
Guy's Gyros,31.31,4434.0,2014-01-09,21:09,loyalty,L2169,Thursday,36.058886,24.89898,Minke Mies
Abila Zacharo,31.34,2681.0,2014-01-10,13:46,loyalty,L1107,Friday,,,Nils Calixto
Guy's Gyros,31.48,7889.0,2014-01-16,13:23,loyalty,L6119,Thursday,36.058886,24.89898,Lucas Alcazar
Guy's Gyros,31.5,9635.0,2014-01-10,13:47,loyalty,L3191,Friday,36.058886,24.89898,Gustav Cazar
Katerinas Café,31.59,1310.0,2014-01-08,20:08,loyalty,L8012,Wednesday,,,Birgitta Frente
Guy's Gyros,31.94,4434.0,2014-01-19,20:30,loyalty,L2169,Sunday,36.058886,24.89898,Minke Mies
Hippokampos,32.29,7117.0,2014-01-13,21:13,loyalty,L6417,Monday,,,Kanon Herrero
Katerinas Café,32.83,3492.0,2014-01-07,20:47,loyalty,L7814,Tuesday,,,Marin Onda
Ouzeri Elian,32.89,7108.0,2014-01-09,14:04,loyalty,L6544,Thursday,36.052814,24.872723,Brand Tempestad
Katerinas Café,33.41,4434.0,2014-01-18,19:32,loyalty,L2169,Saturday,,,Minke Mies
Katerinas Café,33.54,7819.0,2014-01-14,13:58,loyalty,L5259,Tuesday,,,Loreto Bodrogi
Katerinas Café,33.63,1310.0,2014-01-18,19:54,loyalty,L8012,Saturday,,,Birgitta Frente
Guy's Gyros,33.65,7384.0,2014-01-11,20:06,loyalty,L3800,Saturday,36.058886,24.89898,Sven Flecha
Ouzeri Elian,33.67,2681.0,2014-01-14,13:53,loyalty,L1107,Tuesday,36.052814,24.872723,Nils Calixto
Katerinas Café,34.03,7889.0,2014-01-19,19:53,loyalty,L6119,Sunday,,,Lucas Alcazar
Gelatogalore,34.04,7253.0,2014-01-07,13:33,loyalty,L1682,Tuesday,36.059816,24.862001,Linnea Bergen
Katerinas Café,34.58,3492.0,2014-01-16,20:51,loyalty,L7814,Thursday,,,Marin Onda
Gelatogalore,34.59,7819.0,2014-01-17,13:51,loyalty,L5259,Friday,36.059816,24.862001,Loreto Bodrogi
Katerinas Café,34.76,7688.0,2014-01-10,13:30,loyalty,L4164,Friday,,,Ingrid Barranco
Kalami Kafenion,34.98,7117.0,2014-01-08,14:15,loyalty,L6417,Wednesday,,,Kanon Herrero
Guy's Gyros,35.05,7384.0,2014-01-09,20:39,loyalty,L3800,Thursday,36.058886,24.89898,Sven Flecha
Guy's Gyros,35.1,4795.0,2014-01-17,19:53,loyalty,L8566,Friday,36.058886,24.89898,Edvard Vann
Hippokampos,35.12,9635.0,2014-01-15,20:10,loyalty,L3191,Wednesday,,,Gustav Cazar
Gelatogalore,35.29,7889.0,2014-01-08,13:42,loyalty,L6119,Wednesday,36.059816,24.862001,Lucas Alcazar
Katerinas Café,35.52,4434.0,2014-01-17,13:53,loyalty,L2169,Friday,,,Minke Mies
Kalami Kafenion,35.66,7117.0,2014-01-11,14:09,loyalty,L6417,Saturday,,,Kanon Herrero
Hippokampos,35.73,7253.0,2014-01-13,13:24,loyalty,L1682,Monday,,,Linnea Bergen
Ouzeri Elian,35.81,9551.0,2014-01-17,20:28,loyalty,L5777,Friday,36.052814,24.872723,Adra Nubarron
Hippokampos,36.01,7253.0,2014-01-14,13:17,loyalty,L1682,Tuesday,,,Linnea Bergen
Hippokampos,36.17,6899.0,2014-01-16,13:26,loyalty,L6267,Thursday,,,Isak Baza
Gelatogalore,36.2,1286.0,2014-01-12,19:50,loyalty,L3288,Sunday,36.059816,24.862001,Inga Ferro
Gelatogalore,36.33,3492.0,2014-01-06,13:52,loyalty,L7814,Monday,36.059816,24.862001,Marin Onda
Guy's Gyros,36.35,6816.0,2014-01-15,20:08,loyalty,L8148,Wednesday,36.058886,24.89898,Hennie Osvaldo
Abila Zacharo,36.38,7819.0,2014-01-10,14:03,loyalty,L5259,Friday,,,Loreto Bodrogi
Gelatogalore,36.5,2681.0,2014-01-07,13:49,loyalty,L1107,Tuesday,36.059816,24.862001,Nils Calixto
Hippokampos,36.54,2681.0,2014-01-06,13:35,loyalty,L1107,Monday,,,Nils Calixto
Katerinas Café,36.6,7889.0,2014-01-08,20:31,loyalty,L6119,Wednesday,,,Lucas Alcazar
Abila Zacharo,36.73,1310.0,2014-01-10,13:36,loyalty,L8012,Friday,,,Birgitta Frente
Gelatogalore,36.75,7117.0,2014-01-09,14:18,loyalty,L6417,Thursday,36.059816,24.862001,Kanon Herrero
Guy's Gyros,36.87,7108.0,2014-01-19,20:14,loyalty,L6544,Sunday,36.058886,24.89898,Brand Tempestad
Guy's Gyros,36.89,7384.0,2014-01-13,20:15,loyalty,L3800,Monday,36.058886,24.89898,Sven Flecha
Katerinas Café,37.21,7819.0,2014-01-18,20:15,loyalty,L5259,Saturday,,,Loreto Bodrogi
Guy's Gyros,37.5,7108.0,2014-01-13,20:59,loyalty,L6544,Monday,36.058886,24.89898,Brand Tempestad
Guy's Gyros,37.8,4795.0,2014-01-16,19:40,loyalty,L8566,Thursday,36.058886,24.89898,Edvard Vann
Guy's Gyros,38.07,7117.0,2014-01-13,14:00,loyalty,L6417,Monday,36.058886,24.89898,Kanon Herrero
Ouzeri Elian,38.6,6899.0,2014-01-17,19:40,loyalty,L6267,Friday,36.052814,24.872723,Isak Baza
Ouzeri Elian,38.9,2540.0,2014-01-06,13:22,loyalty,L5947,Monday,36.052814,24.872723,Elsa Orilla
Katerinas Café,39.23,3492.0,2014-01-15,19:50,loyalty,L7814,Wednesday,,,Marin Onda
Guy's Gyros,39.29,7384.0,2014-01-06,19:18,loyalty,L3800,Monday,36.058886,24.89898,Sven Flecha
Kalami Kafenion,39.36,7108.0,2014-01-11,14:16,loyalty,L6544,Saturday,,,Brand Tempestad
Gelatogalore,39.4,7819.0,2014-01-15,13:58,loyalty,L5259,Wednesday,36.059816,24.862001,Loreto Bodrogi
Katerinas Café,39.63,1310.0,2014-01-15,20:23,loyalty,L8012,Wednesday,,,Birgitta Frente
Hippokampos,39.8,9551.0,2014-01-08,13:43,loyalty,L5777,Wednesday,,,Adra Nubarron
Gelatogalore,39.94,4948.0,2014-01-08,14:17,loyalty,L9406,Wednesday,36.059816,24.862001,Isia Vann
Katerinas Café,40.25,4948.0,2014-01-12,20:35,loyalty,L9406,Sunday,,,Isia Vann
Guy's Gyros,42.32,7108.0,2014-01-12,19:26,loyalty,L6544,Sunday,36.058886,24.89898,Brand Tempestad
Frydos Autosupply n' More,42.72,4434.0,2014-01-14,20:33,loyalty,L2169,Tuesday,36.058722,24.90631,Minke Mies
Kalami Kafenion,45.05,1286.0,2014-01-07,13:24,loyalty,L3288,Tuesday,,,Inga Ferro
Ouzeri Elian,45.32,7384.0,2014-01-19,14:08,loyalty,L3800,Sunday,36.052814,24.872723,Sven Flecha
Hippokampos,45.32,7384.0,2014-01-19,14:08,loyalty,L5224,Sunday,,,Sven Flecha
Katerinas Café,45.68,1310.0,2014-01-11,19:51,loyalty,L8012,Saturday,,,Birgitta Frente
Abila Zacharo,48.39,1286.0,2014-01-09,13:47,loyalty,L3288,Thursday,,,Inga Ferro
Hippokampos,49.21,1286.0,2014-01-18,20:01,loyalty,L3288,Saturday,,,Inga Ferro
Frydos Autosupply n' More,49.21,4948.0,2014-01-14,21:28,loyalty,L9406,Tuesday,36.058722,24.90631,Isia Vann
Abila Zacharo,50.14,1286.0,2014-01-06,13:27,loyalty,L3288,Monday,,,Inga Ferro
Kalami Kafenion,50.2,1286.0,2014-01-11,20:04,loyalty,L3288,Saturday,,,Inga Ferro
Gelatogalore,50.36,1286.0,2014-01-08,13:38,loyalty,L3288,Wednesday,36.059816,24.862001,Inga Ferro
Guy's Gyros,50.4,1286.0,2014-01-14,13:59,loyalty,L3288,Tuesday,36.058886,24.89898,Inga Ferro
Hippokampos,52.31,1286.0,2014-01-17,13:38,loyalty,L3288,Friday,,,Inga Ferro
Frank's Fuel,52.66,9635.0,2014-01-18,18:39,loyalty,L3191,Saturday,36.072905,24.838942,Gustav Cazar
Frydos Autosupply n' More,52.73,7688.0,2014-01-11,16:09,loyalty,L4164,Saturday,36.058722,24.90631,Ingrid Barranco
Abila Zacharo,54.82,1310.0,2014-01-11,13:32,loyalty,L8012,Saturday,,,Birgitta Frente
Hippokampos,55.03,7117.0,2014-01-18,20:26,loyalty,L6417,Saturday,,,Kanon Herrero
Ahaggo Museum,55.55,1286.0,2014-01-18,14:51,loyalty,L3288,Saturday,36.075297,24.878248,Inga Ferro
Ouzeri Elian,55.55,6899.0,2014-01-12,19:59,loyalty,L6267,Sunday,36.052814,24.872723,Isak Baza
Katerinas Café,55.6,1286.0,2014-01-15,13:27,loyalty,L3288,Wednesday,,,Inga Ferro
Katerinas Café,57.36,2540.0,2014-01-11,19:40,loyalty,L5947,Saturday,,,Elsa Orilla
Ouzeri Elian,57.63,6899.0,2014-01-18,19:21,loyalty,L6267,Saturday,36.052814,24.872723,Isak Baza
Ouzeri Elian,62.2,1286.0,2014-01-08,20:12,loyalty,L3288,Wednesday,36.052814,24.872723,Inga Ferro
Roberts and Sons,62.47,7253.0,2014-01-18,15:41,loyalty,L1682,Saturday,36.063394,24.852348,Linnea Bergen
Hippokampos,63.21,4795.0,2014-01-11,19:29,loyalty,L8566,Saturday,,,Edvard Vann
Hippokampos,63.21,4795.0,2014-01-11,19:29,loyalty,L2070,Saturday,,,Edvard Vann
Hippokampos,63.32,7688.0,2014-01-12,20:38,loyalty,L4164,Sunday,,,Ingrid Barranco
Abila Zacharo,64.5,1286.0,2014-01-13,13:21,loyalty,L3288,Monday,,,Inga Ferro
Octavio's Office Supplies,64.51,7253.0,2014-01-10,16:07,loyalty,L1682,Friday,,,Linnea Bergen
Abila Zacharo,64.71,1286.0,2014-01-16,13:22,loyalty,L3288,Thursday,,,Inga Ferro
Guy's Gyros,65.21,7384.0,2014-01-19,19:45,loyalty,L3800,Sunday,36.058886,24.89898,Sven Flecha
Hippokampos,66.21,7688.0,2014-01-11,19:26,loyalty,L4164,Saturday,,,Ingrid Barranco
Hippokampos,67.37,9635.0,2014-01-11,19:53,loyalty,L3191,Saturday,,,Gustav Cazar
Ouzeri Elian,67.98,6899.0,2014-01-19,19:48,loyalty,L6267,Sunday,36.052814,24.872723,Isak Baza
Ouzeri Elian,69.36,6899.0,2014-01-11,19:21,loyalty,L6267,Saturday,36.052814,24.872723,Isak Baza
Hippokampos,69.8,7117.0,2014-01-11,20:27,loyalty,L6417,Saturday,,,Kanon Herrero
Ouzeri Elian,72.32,1310.0,2014-01-12,13:30,loyalty,L8012,Sunday,36.052814,24.872723,Birgitta Frente
Hippokampos,78.21,9635.0,2014-01-12,20:05,loyalty,L3191,Sunday,,,Gustav Cazar
Albert's Fine Clothing,78.91,7117.0,2014-01-07,20:10,loyalty,L6417,Tuesday,36.076364,24.85727,Kanon Herrero
Shoppers' Delight,86.22,1286.0,2014-01-12,15:24,loyalty,L3572,Sunday,,,Inga Ferro
Ahaggo Museum,89.32,4795.0,2014-01-11,16:24,loyalty,L8566,Saturday,36.075297,24.878248,Edvard Vann
Abila Zacharo,89.54,2540.0,2014-01-11,13:33,loyalty,L5947,Saturday,,,Elsa Orilla
Albert's Fine Clothing,91.71,7819.0,2014-01-16,20:25,loyalty,L5259,Thursday,36.076364,24.85727,Loreto Bodrogi
Katerinas Café,96.36,7688.0,2014-01-18,14:03,loyalty,L4164,Saturday,,,Ingrid Barranco
Hippokampos,101.25,9635.0,2014-01-19,19:43,loyalty,L3191,Sunday,,,Gustav Cazar
Chostus Hotel,107.51,2540.0,2014-01-08,12:56,loyalty,L5947,Wednesday,36.069663,24.892744,Elsa Orilla
Chostus Hotel,109.54,2540.0,2014-01-14,13:17,loyalty,L5947,Tuesday,36.069663,24.892744,Elsa Orilla
Ahaggo Museum,120.2,7384.0,2014-01-18,14:55,loyalty,L3800,Saturday,36.075297,24.878248,Sven Flecha
Albert's Fine Clothing,121.76,4434.0,2014-01-06,21:03,loyalty,L2169,Monday,36.076364,24.85727,Minke Mies
Frydos Autosupply n' More,124.52,4948.0,2014-01-17,19:57,loyalty,L9406,Friday,36.058722,24.90631,Isia Vann
Frydos Autosupply n' More,130.01,4948.0,2014-01-16,20:54,loyalty,L9406,Thursday,36.058722,24.90631,Isia Vann
Shoppers' Delight,135.78,1310.0,2014-01-12,15:10,loyalty,L8012,Sunday,,,Birgitta Frente
Albert's Fine Clothing,136.01,9635.0,2014-01-08,20:45,loyalty,L3191,Wednesday,36.076364,24.85727,Gustav Cazar
Octavio's Office Supplies,139.72,4795.0,2014-01-10,14:41,loyalty,L8566,Friday,,,Edvard Vann
Kalami Kafenion,140.78,7253.0,2014-01-17,13:16,loyalty,L1682,Friday,,,Linnea Bergen
Desafio Golf Course,145.72,7688.0,2014-01-19,12:57,loyalty,L4164,Sunday,,,Ingrid Barranco
Shoppers' Delight,155.01,7384.0,2014-01-17,20:05,loyalty,L3800,Friday,,,Sven Flecha
Roberts and Sons,155.76,4434.0,2014-01-16,20:25,loyalty,L2169,Thursday,36.063394,24.852348,Minke Mies
General Grocer,159.3,7117.0,2014-01-12,15:46,loyalty,L6417,Sunday,36.060691,24.857844,Kanon Herrero
Shoppers' Delight,204.37,7819.0,2014-01-12,15:32,loyalty,L5259,Sunday,,,Loreto Bodrogi
Frydos Autosupply n' More,209.76,4795.0,2014-01-19,15:53,loyalty,L8566,Sunday,36.058722,24.90631,Edvard Vann
Shoppers' Delight,211.03,7384.0,2014-01-12,19:26,loyalty,L3800,Sunday,,,Sven Flecha
Albert's Fine Clothing,211.47,4434.0,2014-01-11,16:01,loyalty,L2169,Saturday,36.076364,24.85727,Minke Mies
Albert's Fine Clothing,224.52,7117.0,2014-01-09,20:21,loyalty,L6417,Thursday,36.076364,24.85727,Kanon Herrero
General Grocer,227.28,4434.0,2014-01-10,21:28,loyalty,L2169,Friday,36.060691,24.857844,Minke Mies
Carlyle Chemical Inc.,227.81,9614.0,2014-01-10,09:09,loyalty,L5924,Friday,36.059324,24.882788,Lars Azada
Albert's Fine Clothing,228.15,7117.0,2014-01-15,20:46,loyalty,L6417,Wednesday,36.076364,24.85727,Kanon Herrero
Albert's Fine Clothing,228.72,9635.0,2014-01-14,20:50,loyalty,L3191,Tuesday,36.076364,24.85727,Gustav Cazar
Kronos Pipe and Irrigation,242.21,9220.0,2014-01-06,09:06,loyalty,L4063,Monday,,,Orhan Strum
Albert's Fine Clothing,254.29,2540.0,2014-01-19,20:02,loyalty,L5947,Sunday,36.076364,24.85727,Elsa Orilla
Shoppers' Delight,258.43,2681.0,2014-01-09,21:13,loyalty,L1107,Thursday,,,Nils Calixto
General Grocer,265.84,7108.0,2014-01-08,21:00,loyalty,L6544,Wednesday,36.060691,24.857844,Brand Tempestad
Frydos Autosupply n' More,276.88,4948.0,2014-01-15,20:57,loyalty,L9406,Wednesday,36.058722,24.90631,Isia Vann
Albert's Fine Clothing,276.9,9551.0,2014-01-06,20:26,loyalty,L5777,Monday,36.076364,24.85727,Adra Nubarron
Shoppers' Delight,279.53,7819.0,2014-01-10,20:17,loyalty,L5259,Friday,,,Loreto Bodrogi
Albert's Fine Clothing,283.38,7117.0,2014-01-16,20:08,loyalty,L6417,Thursday,36.076364,24.85727,Kanon Herrero
General Grocer,285.34,4795.0,2014-01-09,20:19,loyalty,L8566,Thursday,36.060691,24.857844,Edvard Vann
Albert's Fine Clothing,288.0,7688.0,2014-01-13,20:35,loyalty,L4164,Monday,36.076364,24.85727,Ingrid Barranco
Maximum Iron and Steel,689.85,9220.0,2014-01-13,10:20,loyalty,L4063,Monday,36.063521,24.837565,Orhan Strum
Abila Airport,777.06,9220.0,2014-01-06,15:14,loyalty,L4063,Monday,,,Orhan Strum
Nationwide Refinery,889.58,2276.0,2014-01-07,16:24,loyalty,L3317,Tuesday,,,Isande Borrasca
Stewart and Sons Fabrication,918.6,2276.0,2014-01-09,15:00,loyalty,L3317,Thursday,,,Isande Borrasca
Abila Scrapyard,1158.36,2276.0,2014-01-09,14:12,loyalty,L3317,Thursday,36.074517,24.845935,Isande Borrasca
Nationwide Refinery,1322.5,2276.0,2014-01-09,16:27,loyalty,L3317,Thursday,,,Isande Borrasca
Carlyle Chemical Inc.,1718.96,9220.0,2014-01-13,12:00,loyalty,L4063,Monday,36.059324,24.882788,Orhan Strum
Abila Scrapyard,1897.05,2276.0,2014-01-16,16:56,loyalty,L3317,Thursday,36.074517,24.845935,Isande Borrasca
Abila Scrapyard,2149.28,2276.0,2014-01-07,14:16,loyalty,L3317,Tuesday,36.074517,24.845935,Isande Borrasca
Maximum Iron and Steel,2859.51,9220.0,2014-01-06,10:18,loyalty,L4063,Monday,36.063521,24.837565,Orhan Strum
Abila Airport,3138.98,2276.0,2014-01-16,13:22,loyalty,L3317,Thursday,,,Isande Borrasca
Abila Airport,3617.47,9220.0,2014-01-13,08:15,loyalty,L4063,Monday,,,Orhan Strum
Carlyle Chemical Inc.,3959.66,9220.0,2014-01-06,11:57,loyalty,L4063,Monday,36.059324,24.882788,Orhan Strum
Stewart and Sons Fabrication,4195.49,9614.0,2014-01-10,12:10,loyalty,L5924,Friday,,,Lars Azada
Abila Scrapyard,4277.4,2276.0,2014-01-14,14:13,loyalty,L3317,Tuesday,36.074517,24.845935,Isande Borrasca
Nationwide Refinery,4429.76,2276.0,2014-01-14,16:28,loyalty,L3317,Tuesday,,,Isande Borrasca
Abila Airport,4540.08,9220.0,2014-01-06,08:23,loyalty,L4063,Monday,,,Orhan Strum
Abila Airport,4792.5,2276.0,2014-01-09,13:18,loyalty,L3317,Thursday,,,Isande Borrasca
